item_id;ch_form;«бж’Ё; ’днЁе« «бянгн«∆н жЎ»нЏ е«;«бќ«’н… Ён“н«∆н… ббг«ѕ…
3/27/562;CaCl2;ябж—нѕ «бя«б”нжг;гбЌ гЏѕдн (џн— Џ÷жн);г”Ќжё «»н÷
3/27/558;CaCO3;я—»жд«  «бя«б”нжг;гбЌ Ёб“н ( џн— Џ÷жн);г”Ќжё «»н÷
3/27/559;CaCO3;я—»жд«  «бя«б”нжг;гбЌ Ёб“н ( џн— Џ÷жн);г”Ќжё «»н÷
3/27/555;CaF2;Ёбж—нѕ «бя«б”нжг;-;г”Ќжё «»н÷
3/27/564;Ca(OCl)2;ен»жябж—н  «бя«б”нжг;-;г”Ќжё «»н÷
3/27/554;Ca(HCO3)2;»ня—»жд«  «бя«б”нжг;-;г”Ќжё «»н÷
3/27/553;CaO;√я”нѕ «бя«б”нжг («бћн— «бЌн);√я”нѕ гЏѕдн;г”Ќжё «»н÷
3/27/557;CaSO4;я»—н «  «бя«б”нжг;гбЌ џн— Џ÷жн;г”Ќжё «»н÷
3/27/116;CCl4;—«»Џ ябж—нѕ «бя—»жд;г—я» е«бжћндн √бнЁ« н;”«∆б ‘Ё«Ё –ж —«∆Ќ… гё»жб…  ‘»е —«∆Ќ… «бябж—жЁж—г
3/27/546;Cd;я«ѕгнжг;-;г«ѕ… ’б»… —г«ѕн…
3/27/547;Cd(NO3)2;д —«  «бя«ѕгнжг;-;г”Ќжё »бж—н «»н÷
3/27/545;CdCl2;ябж—нѕ «бя«ѕгнжг;гбЌ Ёб“н† (џн— Џ÷жн);г”Ќжё »бж—н «»н÷
3/27/205;C4H9Br;»—жгж «б»нж «д;г—я» е«бжћндн √бнЁ« н;”«∆б ‘Ё«Ё б« н–ж» Ён «бг«Ѕ
3/27/123;CH3OH;гнЋ«джб (яЌжб «бгнЋнб);енѕ—жя”нб √бнЁ« н;”«∆б ‘Ё«Ё
3/27/244;CH3(CH2)5OH;ен» «джб;-;”«∆б ‘Ё«Ё ёбнб «б–ж»«д Ён «бг«Ѕ
3/27/115;CH3COOC2H5;ќб«  «б≈нЋнб (≈нЋнб √”н « );-;”«∆б ‘Ё«Ё бе —«∆Ќ… ггн“…  –яш— »—«∆Ќ… «ббж«’ё
3/27/114;CH3COOH;Ќг÷ «бќбня (Ќг÷ «б√”н ня);Ќг÷ я—»жя”нбн √бнЁ« н;»бж—«  ’б»… Џѕнг… «ббжд Џдѕ ѕ—ћ… 16 г∆жн
3/27/482;CH3COONa;ќб«  «б’жѕнжг (√”н «  «б’жѕнжг);ќб« ;г”Ќжё «»н÷ г ”нб
3/27/102;CH3COCH3;√”н жд;г—я» Џ÷жн - √бнЁ« н ян жд;”«∆б ‘Ё«Ё ё«»б бб«‘ Џ«б н–ж»  Ён «бг«Ѕ
3/27/586;CoCl2;ябж—нѕ «бяж»«б  «бЋд«∆н;гбЌ џн— Џ÷жн;г”Ќжё »бж—н «—“ё
3/27/578;Cr;я—жг;-;г«ѕ… ’б»… Ё÷н… «бм —г«ѕн…
3/27/580;Cr(NO3)3;д —«  «бя—жг «бЋб«Ћн;гбЌ џн— Џ÷жн;г”Ќжё »бж—н »дЁ”ћн
3/27/111;CS2;Ћд«∆н я»—н нѕ «бя—»жд;-;”«∆б ‘Ё«Ё г Ў«н— н’»Ќ √’Ё— »жћжѕ «б‘ж«∆»
3/27/621;Cu;дЌ«”;гЏѕд;”бя  »— ё«бн гЌг—
3/27/630;Cu(NO3)2;д —«  «бдЌ«” «бЋд«∆н;гбЌ џн— Џ÷жн;г”Ќжё »бж—н «“—ё
3/27/624;CuO;√я”нѕ «бдЌ«” «бЋд«∆н;гбЌ џн— Џ÷жн;г”Ќжё «”жѕ
3/27/623;CuCl;ябж—нѕ «бдЌ«” «б√Ќ«ѕн;гбЌ џн— Џ÷жн;г”Ќжё «ќ÷—
3/27/628;CuCO3;я—»жд«  «бдЌ«” «бЋд«∆н;гбЌ џн— Џ÷жн;г”Ќжё «ќ÷—
3/27/622;Cu2O;√я”нѕ «бдЌ«” «б√Ќ«ѕн;гбЌ џн— Џ÷жн;г”Ќжё »дн гЌг—
3/27/627;Cu2S;я»—н нѕ «бдЌ«” «б√Ќ«ѕн;-;г”Ќжё «”жѕ
3/27/400;Fe;Ќѕнѕ;-;—г«ѕн Ё÷н
3/27/401;Fe;Ќѕнѕ;-;г”Ќжё «”жѕ
3/27/410;Fe(NO3)3;д —«  «бЌѕнѕ «бЋб«Ћн;гбЌ џн— Џ÷жн;г”Ќжё »бж—н »дЁ”ћн Ё« Ќ
3/27/405;Fe2(CO3)3;я—»жд«  «бЌѕнѕ «бЋб«Ћн;-;г”Ќжё »дн Ё« Ќ
3/27/407;Fe2(SO4)3;я»—н «  «бЌѕнѕ «бЋб«Ћн;гбЌ џн— Џ÷жн;г”Ќжё »бж—н «»н÷
3/27/406;Fe2O3;√я”нѕ «бЌѕнѕ «бЋб«Ћн («б’ѕ√);√я”нѕ Ёб“н (џн—Џ÷жн);г”Ќжё »дн гЌг—
3/27/408;Fe2S3;я»—н нѕ «бЌѕнѕ «бЋб«Ћн;-;г”Ќжё «ќ÷— ѕ«яд
3/27/409;FeCl3;ябж—нѕ «бЌѕнѕ «бЋб«Ћн;гбЌ џн— Џ÷жн;г”Ќжё «’Ё—
3/27/404;FeS;я»—н нѕ «бЌѕнѕ «бЋд«∆н;гбЌ џн— Џ÷жн;г”Ќжё »дн г”жѕ
3/27/402;FeSO4;я»—н «  «бЌѕнѕ «бЋд«∆н;гбЌ џн— Џ÷жн;г”Ќжё »бж—н √“—ё гќ÷— √ж √»н÷
3/27/403;FeSO4.(NH4)2SO4.6H2O;я»—н «  «бЌѕнѕ «бЋд«∆н ж«б√гжднжг ”ѕ«”н… «бенѕ—«  (гбЌ гж—);-;г”Ќжё »бж—н «ќ÷— г“—ё
3/27/232;H2O2;Ёжё √я”нѕ «бенѕ—жћнд (г«Ѕ «б√я”ћнд);-;”«б∆б ‘Ё«Ё –ж “—ё… ќЁнЁн…
3/27/215;H2SO4;Ќг÷ «бя»—н ня;Ќг÷ Џ÷жн гƒя”ѕ;”«∆б ‘Ё«Ё
3/27/231;CH2O;Ёж—г«бѕенѕ;«бѕенѕ √бнЁ« н;«бЁж—г«бѕенѕ џ«“ ‘Ё«Ё бе —«∆Ќ… ёжн… н–ж» Ён «бг«Ѕ гяжд«  «бЁж—г«бнд
3/27/218;HCl;Ќг÷ «бенѕ—жябж—ня (Ќг÷ «бгбЌ);Ќг÷ б«Џ÷жн;”«∆б ‘Ё«Ё
3/27/213;HClO4;Ќг÷ «б»н—ябж—ня;-;”«∆б ‘Ё«Ё
3/27/855;HF;Ќг÷ «бенѕ—жЁбж—ня;Ќг÷ џн— Џ÷жн џн— гƒя”ѕ;”«∆б ‘Ё«Ё
3/27/451;Hg;“∆»ё;гЏѕд;”«∆б Ё÷н «ббжд Ћёнб «бж“д
3/27/455;Hg(NO3)2;д —«  «б“∆»ё «бЋд«∆н;гбЌ џн— Џ÷жн;г”Ќжё «»н÷
3/27/450;Hg2(NO3)2;д —«  «б“∆»ё «б√Ќ«ѕн;гбЌ џн— Џ÷жн;г”Ќжё «»н÷
3/27/449;Hg2Cl2;ябж—нѕ «б“∆»ё «б√Ќ«ѕн (я«бжгнб);гбЌ џн— Џ÷жн;г”Ќжё «»н÷
3/27/454;HgCl2;ябж—нѕ «б“∆»ё «бЋд«∆н (”бнг«д);гбЌ џн— Џ÷жн;г”Ќжё »бж—н «»н÷
3/27/452;HgO;√я”нѕ «б“∆»ё;гбЌ √я”нѕ Ёб“н џн— Џ÷жн;г”Ќжё «Ќг—
3/27/217;HNO3;Ќг÷ «бдн —ня;Ќг÷ џн— Џ÷жн;”«∆б ‘Ё«Ё
3/27/768;C7H6O3;Ќг÷ «б”«бн”нбня;Ќг÷ я—»жя”нбн ЏЎ—н Ёнджб;г”Ќжё «»н÷
3/27/644;I2;нжѕ;е«бжћнд;—г«ѕн г”жѕ бгш«Џ
3/27/645;I2;нжѕ;е«бжћнд;г”Ќжё —г«ѕн г”жѕ
3/27/238;Icl;√Ќ«ѕн ябж—нѕ «бнжѕ;-;”«∆б »дн гЌг— Ён ѕ—ћ… Ќ—«—… «бџ—Ё…
3/27/377;K;»ж «”нжг;гЏѕд;—г«ѕн Ё÷н ’б»
3/27/373;K2CO3.2H2O;я—»жд«  «б»ж «”нжг Ћд«∆н… «бенѕ—« ;гбЌ џн— Џ÷жн;г”Ќжё «»н÷
3/27/364;K2Cr2O7;Ћд«∆н я—жг«  «б»ж «”нжг;гбЌ Ќг÷ Ёб“н††† (џн— Џ÷жн);»бж—«  »— ё«бн…
3/27/374;K2CrO4;я—жг«  «б»ж «”нжг;-;г”Ќжё »бж—н «’Ё—
3/27/371;K2SO4;я»—н «  «б»ж «”нжг;гбЌ џн— Џ«ѕн;г”Ќжё «»н÷
3/27/355;KAl(SO4)2;‘» «б»ж «”нжг (я»—н «  «б√бжгднжг ж«б»ж «”нжг);-;г”Ќжё «»н÷  »бж—н
3/27/357;KBr;»—жгнѕ «б»ж «”нжг;гбЌ џн— Џ÷жн;г”Ќжё «»н÷
3/27/376;KCl;ябж—нѕ «б»ж «”нжг;-;г”Ќжё »бж—н «»н÷
3/27/375;KClO3;ябж—«  «б»ж «”нжг;гбЌ џн— Џ÷жн;г”Ќжё »бж—н «»н÷
3/27/366;KCN;”н«днѕ «б»ж «”нжг;-;г”Ќжё »бж—н «»н÷
3/27/358;KHCO3;»ня—»жд«  «б»ж «”нжг;гбЌ џн— Џ÷жн;г”Ќжё «»н÷  »бж—н
3/27/380;KI;нжѕнѕ «б»ж «”нжг;гбЌ џн— Џ÷жн;г”Ќжё »бж—н «»н÷
3/27/356;KMnO4;»—гдџд«  «б»ж «”нжг;гбЌ џн— Џ÷жн;»бж—«  »дЁ”ћн… џ«гё… бе« »—нё гЏѕдн
3/27/360;KNaC4H4O6.4H2O;Ў—Ў—«  «б»ж «”нжг ж«б’жѕнжг —»«Џн… «бенѕ—«  (гбЌ —ж‘нб);-;г”Ќжё «»н÷  »бж—н
3/27/378;KNO3;д —«  «б»ж «”нжг (д —);гбЌ џн— Џ÷жн;г”Ќжё »бж—н «»н÷
3/27/361;KSCN;Ћнж”н«д«  «б»ж «”нжг;гбЌ џн— Џ÷жн;г”Ќжё »бж—н «»н÷
3/27/601;Mg;гџдн”нжг;гЏѕд;Ќ»н»«  гЏѕд —г«ѕн Ё÷н
3/27/602;Mg;гџдн”нжг;‘—нЎ гЏѕдн —г«ѕн Ё÷н;‘—нЎ гЏѕдн —г«ѕн Ё÷н
3/27/606;Mg(NO3)2;д —«  «бгџдн”нжг;гбЌ џн— Џ÷жн;г”Ќжё »бж—н «»н÷
3/27/604;MgCl2;ябж—нѕ «бгџдн”нжг;е«бжћнд гЏѕдн,гбЌ џн—Џ÷жн;г”Ќжё »бж—н «»н÷
3/27/605;MgCO3;я—»жд«  «бгџдн”нжг;гбЌ џн— Џ÷жн;г”Ќжё «»н÷ б« н–ж» Ён «бг«Ѕ
3/27/603;MgSO4;я»—н «  «бгџдн”нжг (гбЌ «б≈»”жг);гбЌ џн— Џ÷жн;г”Ќжё »бж—н «»н÷
3/27/615;Mn;гдџдн“;гЏѕд;гЏѕд —г«ѕн
3/27/616;Mn(NO3)2;д —«  «бгдџдн“ «бЋд«∆н;-;г”Ќжё «»н÷
3/27/614;MnCl2;ябж—нѕ «бгдџдн“ «бЋд«∆н;гбЌ џн— Џ÷жн;г”Ќжё «»н÷ ж—ѕн
3/27/612;MnO2;Ћд«∆н √я”нѕ «бгдџдн“;√я”нѕ гЏѕдн;г”Ќжё »бж—н «”жѕ
3/27/613;MnSO4;я»—н «  «бгдџдн“ «бЋд«∆н;-;г”Ќжё »бж—н «»н÷
3/27/497;Na;’жѕнжг;гЏѕд;’б» —г«ѕн «ббжд  н Ё«Џб Ён «беж«Ѕ ж‘ѕнѕ «б Ё«Џб гЏ «бг«Ѕ
3/27/382;Na2B4O7-10H2O;»ж—«я” (—»«Џн »ж—«  «б’жѕнжг «бЏ‘—н… «бенѕ—« );-;г”Ќжё «»н÷
3/27/474;Na2C2O4;√я”«б«  «б’жѕнжг;√жя”«б« ;г”Ќжё «»н÷
3/27/495;Na2CO3;я—»жд«  «б’жѕнжг (’жѕ« «бџ”нб);гбЌ џн— Џ÷жн;г”Ќжё «»н÷
3/27/480;Na2S2O3;Ћнжя»—н «  «б’жѕнжг (ен»ж);гбЌ џн— Џ÷жн;г”Ќжё »бж—н «»н÷
3/27/471;Na2SO3;я»—н н  «б’жѕнжг;гбЌ џн— Џ÷жн;г”Ќжё »бж—н «»н÷
3/27/492;Na2SO≠4;я»—н «  «б’жѕнжг;гбЌ џн— Џ÷жн;г”Ќжё »бж—н «»н÷
3/27/490;Na3PO4;Ёж”Ё«  «б’жѕнжг;-;г”Ќжё «»н÷
3/27/476;NaBr4;—»«Џн »—жгж «б’жѕнжг (џн— ‘«∆Џ° ёѕ няжд ќЎ√ ≈гб«∆нр« б№ NaBr - »—жгнѕ «б’жѕнжг);гбЌ џн— Џ÷жн;г”Ќжё »бж—н «»н÷
3/27/483;CH3COONa.3H2O;ќб«  «б’жѕнжг Ћб«Ћн… «бенѕ—« ;ќб« ;г”Ќжё »бж—н ‘Ё«Ё
3/27/477;C6H5CO2Na;»д“ж«  «б’жѕнжг;Ќг÷ я—»жя”нбн,гбЌ;г”Ќжё «»н÷ Џѕнг «б—«∆Ќ…
3/27/496;NaCl;ябж—нѕ «б’жѕнжг (гбЌ «бЎЏ«г);гбЌ џн— Џ÷жн;г”Ќжё »бж—н «»н÷
3/27/487;NaF;Ёбж—нѕ «б’жѕнжг;гбЌ џн— Џ÷жн;г”Ќжё «»н÷
3/27/478;NaHCO3;»ня—»жд«  «б’жѕнжг (’жѕ« «бќ»“);гбЌ џн— Џ÷жн;г”Ќжё «»н÷
3/27/494;NaHSO3;»ня»—н н  «б’жѕнжг;гбЌ џн— Џ÷жн;г”Ќжё «»н÷  »бж—н
3/27/501;NaI;нжѕнѕ «б’жѕнжг;гбЌ џн— Џ÷жн;г”Ќжё «»н÷
3/27/498;NaNO3;д —«  «б’жѕнжг (гбЌ »н — «б ‘нбн);гбЌ Ќг÷ гЏѕдн,гбЌ џн—Џ÷жн;г”Ќжё »бж—н √»н÷
3/27/499;NaNO2;д —н  «б’жѕнжг;гбЌ џн— Џ÷жн;г”Ќжё »бж—н «»н÷ г’Ё— ёбнб«
3/27/500;NaOH;енѕ—жя”нѕ «б’жѕнжг («б’жѕ« «бя«жн…);ё«Џѕ… џн— Џ÷жн…;’б» √»н÷ г гнЏ
3/27/472;Na2S;я»—н нѕ «б’жѕнжг;гбЌ џн— Џ÷жн;г”Ќжё «»н÷
3/27/479;NaSCN;Ћнж”н«д«  «б’жѕнжг;гбЌ џн— Џ÷жн;г”Ќжё «»н÷
3/27/318;C2H7NO2;ќб«  «б√гжднжг (√ж енѕ—жя”нѕ «б≈нЋнб √гжднжг);√бѕенѕ √бнЁ« н;г”Ќжё »бж—н √»н÷
3/27/323;NH4Cl;ябж—нѕ «б√гжднжг (д‘«ѕ—);гбЌ џн— Џ÷жн;г”Ќжё «»н÷  »бж—н
3/27/316;NH4HCO3;»ня—»жд«  «б√гжднжг;гбЌ џн— Џ÷жн;г”Ќжё »бж—н √»н÷ Џѕнг «б—«∆Ќ…
3/27/325;NH4NO3;д —«  «б√гжднжг;гбЌ џн— Џ÷жн;г”Ќжё «»н÷  »бж—н
3/27/245;NH4OH;енѕ—жя”нѕ «б√гжднжг («б√гждн«я);ё«Џѕ… џн— Џ÷жн…;”«∆б ‘Ё«Ё
3/27/637;Ni;дняб;гЏѕд;гЏѕд √»н÷ Ё÷н б«гЏ
3/27/636;NiCl2;ябж—нѕ «бдняб;-;г”Ќжё »дн г’Ё—
3/27/522;P;Ёж”Ёж—;г«ѕ… ’б»… ё«»б… бб«б е«»ж”«г…;г”Ќжё «Ќг—
3/27/523;P4;Ёж”Ёж— —»«Џн «б–—« ;-;г«ѕ… ’б»… ’Ё—«Ѕ ‘гЏн…  ЌЁў  Ќ  «бг«Ѕ
3/27/435;Pb;—’«’;-;я—«  —г«ѕн… Ё÷н…
3/27/432;C4H6O4Pb;√”н «  «б—’«’ «бЋд«∆н (”я— «б—’«’);гбЌ џн— Џ÷жн;г”Ќжё »бж—н √»н÷
3/27/437;Pb(NO3)2;д —«  «б—’«’ «бЋд«∆н;гбЌ бЌг÷ гЏѕдн;г”Ќжё »бж—н «»н÷
3/27/433;PbSO4;я»—н «  «б—’«’ «бЋд«∆н;гбЌ џн— Џ÷жн;г”Ќжё »бж—н «»н÷
3/27/438;PbCl2;ябж—нѕ «б—’«’ «бЋд«∆н;гбЌ џн— Џ÷жн;г”Ќжё »бж—н «»н÷
3/27/436;PbCO3;я—»жд«  «б—’«’ «бЋд«∆н;гбЌ џн— Џ÷жн;г”Ќжё «»н÷
3/27/430;PbO2;Ёжё √я”нѕ «б—’«’;гбЌ џн— Џ÷жн;г”Ќжё «’Ё— ж «Ќн«д« «Ќг—
3/27/431;PbO2;Ёжё √я”нѕ «б—’«’;-;г”Ќжё »дн џ«гё
3/27/434;PbS;я»—н нѕ «б—’«’ (џ«бнд«);гбЌ џн— Џ÷жн;г”Ќжё »бж—н «”жѕ
3/27/524;P2O5;ќг«”н √я”нѕ «бЁж”Ёж—;Ёж”Ёж—;г”Ќжё «»н÷
3/27/571;S;я»—н ;Џд’— б« гЏѕдн;г«ѕ… ’б»… ’Ё—«Ѕ
3/27/573;S;я»—н ;Џд’— б« гЏѕдн;г”Ќжё «’Ё—
3/27/331;Sb;≈Ћгѕ (√д нгж«д);г”Ќжё —г«ѕн Ё÷н бгш«Џ;г”Ќжё —г«ѕн Ё÷н бгш«Џ
3/27/468;Si;”нбняжд;”нбняжд;г”Ќжё «”жѕ
3/27/539;Sn;ё’ѕн—;гЏѕд;г«ѕ… ’б»… —г«ѕн… «ж Ё÷н…
3/27/538;SnCl4;—»«Џн ябж—нѕ «бё’ѕн—;-;г”Ќжё «»н÷
3/27/461;SrCl2.6H2O;ябж—нѕ «б” —жд нжг ”ѕ«”н… «бенѕ—« ;гбЌ џн— Џ÷жн;г”Ќжё «»н÷
3/27/417;Zn;“дя;гЏѕд;—г«ѕн Ё÷н
3/27/423;Zn;“дя;гЏѕд;г”Ќжё —г«ѕн
3/27/620;Cu;дЌ«”;гЏѕд;гЏѕд  »— ё«бн Ё« Ќ
3/27/424;Zn(NO3)2;д —«  «б“дя;гбЌ џн— Џ÷жн;г”Ќжё »бж—н ‘Ё«Ё
3/27/414;ZnBr2;»—жгнѕ «б“дя;-;г”Ќжё »бж—н «»н÷
3/27/422;ZnCl2;ябж—нѕ «б“дя;гбЌ Ќг÷ (џн— Џ÷жн);г”Ќжё »бж—н «»н÷
3/27/421;ZnCO3;я—»жд«  «б“дя;гбЌ џн— Џ÷жн;г”Ќжё «»н÷
3/27/416;ZnO;√я”нѕ «б“дя;гбЌ џн— Џ÷жн;г”Ќжё «»н÷
3/27/420;ZnS;я»—н нѕ «б“дя;-;г”Ќжё «’Ё— Ё« Ќ
3/27/419;ZnSO4;я»—н «  «б“дя;гбЌ џн— Џ÷жн;г”Ќжё »бж—н «»н÷
3/27/660; (CH2)6N4;еня”«гнЋнбнд  н —«гнд (нж—ж —ж»нд);-;г”Ќжё »бж—н «»н÷
3/27/661;CO(NH2)2;нж—н«;√гнѕ;г”Ќжё »бж—н «»н÷
3/27/667;Pepsin Enzyme Powder;г”Ќжё ≈д“нг «б»»”нд («”г ≈дћбн“н);-;г”Ќжё «»н÷
3/27/673;C6H4Cl2;Ћд«∆н ябж—ж «б»д“нд;-;г”Ќжё «»н÷
3/27/674;Peroxide †Benzoen;»н—жя”нѕ «б»д“жнб («”г ‘«∆Џ);-;”«∆б ‘Ё«Ё
3/27/680;C6H3(OH)3;»н—жџ«бжб (Ћб«Ћн енѕ—жя”н »д“нд);енѕ—жя”нб ЏЎ—н;г”Ќжё »бж—н «»н÷
3/27/686;C10H14N2;дняж нд;-;”«∆б ‘Ё«Ё «’Ё—
3/27/692;C4H8N2O2;ѕне«нѕ—ж нж—«”нб (√ж ”я”нд«гнѕ);-;г”Ќжё »бж—н «»н÷
3/27/698;BAKERS YEAST;ќгн—… «бќ»«“ («”г ≈дћбн“н);-;г”Ќжё »дн Ё« Ќ
3/27/703;Wax Candle;‘гЏ… ‘гЏ (ж’Ё);-;’б» «»н÷
3/27/704;Prarffin ( Wax );»«—«Ёнд (‘гЏ);-;’б» «»н÷ –ж гбг” ѕедн
3/27/710;C7H16ClNO2;ябж—нѕ «бя«—дн нд (√ж г»нѕ Ќ‘—н);-;г”Ќжё »бж—н «»н÷
3/27/716;C2H3Cl3O2;ябж—«б (Ћб«Ћн ябж—ж √”н «бѕенѕ);«бѕенѕ «бнЁ« н;г”Ќжё «»н÷ »бж—н  –ж —«∆Ќ… ёжн…
3/27/722;Small Balls;я—«  ’џн—… (ж’Ё);-;я—«  гЏѕдн… ’џн—… «бЌћг
3/27/728;anion exchange resin;—« дћ  »«ѕб √днждн;-;г”Ќжё »дн Ё« Ќ
3/27/729;cation exchange resin;—« дћ  »«ѕб я« нждн;-;г”Ќжё «»н÷
3/27/730;Anion Cation Mixed Bed Ion Exchange;—« дћ гќ бЎ б »«ѕб «б√нжд« ;-;Ќ»н»«  ’џн—… »— ё«бн…
3/27/731;Synthetic rubber;гЎ«Ў «’Ўд«Џн;-;гЎ«Ў «»н÷
3/27/732;( CH2-CH-Cl )n;г Џѕѕ ябж—нѕ «бЁнднб (PVC);-;г”Ќжё «»н÷ ќ‘д
3/27/738;C10H9NO2;янджбнд (√ж дЁ «бнд √гнд);-;г”Ќжё «»н÷
3/27/739;"	C19H28O2";е—гжд (гЋб «б≈” —«ѕнжб);-;г”Ќжё »бж—н «»н÷
3/27/745;Phenylhydrazinium chloride;ябж—нѕ Ёнднб енѕ—«“нднжг;-;г”Ќжё «»н÷ г’Ё—
3/27/746;C4H4N2O2;нж—«”нб;»н—нѕ“нд;г”Ќжё »бж—н «»н÷
3/27/754;C10H8O;дЁ жб;-;г”Ќжё »дн Ё« Ќ
3/27/755;C10H8;дЁ «бнд;енѕ—ж я—»жд ЏЎ—н;г”Ќжё «»н÷ «ббжд  √ж я—«  »н÷«Ѕ –ж —«∆Ќ… дЁ«–…
3/27/761;C6H8O6;Ён «гнд C (Ќг÷ «б√”яж—»ня);-;г”Ќжё »бж—н «»н÷
3/27/762;C2H2O4;Ќг÷ «б√я”«бня;Ќг÷ я—»ж я”нбн √бнЁ« н;г”Ќжё »бж—н «»н÷
3/27/764;H3BO3;Ќг÷ «б»ж—ня;-;г”Ќжё «»н÷
3/27/765;Tannic Acid;Ќг÷ «б «дня («бЏЁ’);-;г”Ќжё »дн Ё« Ќ
3/27/766;C4H6O6;Ќг÷ «бЎ—Ў—ня;-;г”Ќжё «»н÷
3/27/767;C19H22O6;яжб‘н”нд (√ж —н“н—»нд);-;г”Ќжё «»н÷
3/27/769;C6H8O7;Ќг÷ «б” —ня;-;г”Ќжё »бж—н «»н÷
3/27/771; C18H30O3S;”бЁжд«  (гЋб »н—н“нд);√Ќг«÷ ёжн…;г”Ќжё »дн Ё« Ќ
3/27/772;C5H4N4O3;Ќг÷ «б»жбня;-;г”Ќжё «»н÷
3/27/778;C13H9N3O5;√бizarнд (√ж ’»џ…);-;г”Ќжё «’Ё— »— ё«бн
3/27/779;C27H28Br2O5S;»—жгжя—н”жб √—ћж«дн;-;г”Ќжё «“—ё
3/27/780;C21H13Br4NaO5S;»—жгжЋнгжб √“—ё;-;г”Ќжё »бж—н «ќ÷— џ«гё √ж »дн
3/27/781;C25H30ClN3;гнЋнбнд √“—ё;-;г”Ќжё »бж—н «ќ÷— џ«гё
3/27/782;C31H31N2Na4O13S;√“—ё ≈нЁ«д“;-;г”Ќжё »бж—н »дн гЌг—
3/27/783;Red Litmus Papers;ж—ё Џ»«ѕ «б‘г” √Ќг—;-;«‘—Ў… ж—ё –«  бжд «Ќг— Ё« Ќ
3/27/784;Blue Litmus Paper;ж—ё Џ»«ѕ «б‘г” √“—ё;-;«‘—Ў… ж—ё –«  бжд «“—ё Ё« Ќ
3/27/785;Litmus Powder;г”Ќжё Џ»«ѕ «б‘г”;-;г”Ќжё »дЁ”ћн џ«гё
3/27/786;C19H14O5S;Ёнджб √Ќг—;-;г”Ќжё «Ќг— ѕ«яд
3/27/787;C20H14O4;Ёнджб ЁЋ«бнд;-;г”Ќжё «»н÷ г’Ё—
3/27/788;Congo Red Paper;ж—ё яждџж √Ќг—;-;«‘—Ў… ж—ё –«  бжд «Ќг—
3/27/789;C15H15N3O2;√Ќг— гнЋнб;-;г”Ќжё «Ќг— ѕ«яд
3/27/790;C14H14N3NaO3S;»— ё«б «бгнЋнб;-;г”Ќжё «’Ё— »— ё«бн
3/27/791;C24H28N3Cl;√ќ÷— «бгнЋнб;-;г”Ќжё «ќ÷— ѕ«яд
3/27/798;Benedict's reagent;я«‘Ё »дѕня ;-;”«∆б «“—ё
3/27/799;Gelatin;ћнб« нд;-;г”Ќжё «»н÷ г’Ё—
3/27/801;C12H22O11;”я—ж“ (”я— «бё’»);-;г”Ќжё «»н÷ н–ж» Ён «бг«Ѕ
3/27/802;( C6H10O5)n;д‘«;-;г”Ќжё «»н÷ д«Џг н Ќжб бёж«г ћнб« ндн Ён «бг«Ѕ
3/27/808;(C6H10O5)n;”бнбж“;-;г”Ќжё «»н÷ б« н–ж» Ён «бг«Ѕ
3/27/809;Cellulose Acetates;√”н «  «б”бнбж“;-;г”Ќжё «»н÷
3/27/810;Methyl Cellulose;гнЋнб «б”бнбж“;-;г”Ќжё «»н÷ ндЌб Ён «бг«Ѕ «б»«—ѕ
3/27/816;C20H6Br4Na2O5;≈нж“нд Y;-;”«∆б «Ќг— ѕ«яд
3/27/817;C25H30ClN3;√“—ё «бгнЋнбнд;-;г”Ќжё »дЁ”ћн
3/27/818;Wright's stain;’»џ… —«н ;-;г”Ќжё »дЁ”ћн г”жѕ
3/27/819;C22H16N4O;√“—ё «бднб;-;г”Ќжё »дн гЌг—
3/27/820;C24H20N4O;√Ќг— «бднб;-;г”Ќжё »дн гЌг—
3/27/821;C20H19ClN4;»— ё«б √я—нѕнд;-;г”Ќжё —г«ѕн г”жѕ
3/27/822;C20H17N3Na2O9S3;√”жѕ √гнѕж 10B;-;г”Ќжё »дн гЌг—
3/27/823;"	C22H20O13";—ж нд (—ж ж”«нѕ);-;г”Ќжё «Ќг—
3/27/824;Canada Balsam;»б”г ядѕ«;-;”«∆б ‘Ё«Ё г’Ё—
3/27/825;"	C32H22N6Na2O6S2"; —ж»«нжбнд OO;-;г”Ќжё «Ќг— ѕ«яд
3/27/826;C16H18N3SCI;√“—ё  жбжнд;-;г”Ќжё «ќ÷— ѕ«яд
3/27/827;C37H27N3Na2O9S3;√”жѕ днбнћ—ж”нд;-;г”Ќжё »дн гЌг—
3/27/832;Rennet Tablets;√ё—«’ «бгдЁЌ…;-;«ё—«’ »н÷«Ѕ
3/27/833;Ringer's Solution Tablets;√ё—«’ гЌбжб —ндћ—;-;«ё—«’ »н÷«Ѕ
3/27/834;Tablet Antibautic;ё—’ г÷«ѕ Ќнжн («”г џн— ѕёнё);-;«ё—«’ »н÷«Ѕ
3/27/840;Al;√бжгднжг;-;гЏѕд —г«ѕн
3/27/841;Al;√бжгднжг;-;гЏ«ѕд –«  Ў»ё… —г«ѕн…
3/27/842;Al;√бжгднжг;-;’ќж—  гЋб ќ«г «б«бжгднжг
3/27/843;Bronze;»—жд“;-;гЏѕд »— ё«бн гЌг— «ббжд
3/27/844;Fe;Ќѕнѕ;-;гЏѕд —г«ѕн
3/27/845;oxidation iron;Ќѕнѕ гƒя”ѕ (ж’Ё);-;гЏѕд гџЎм »Ў»ё… Ќг—«Ѕ »дн… гд «б’ѕ√
3/27/846;Fe;Ќѕнѕ;-;’ќж— гЋб ќ«г «бЌѕнѕ
3/27/847;Ag;Ё÷…;-;гЏѕд –ж бжд —г«ѕн Ё« Ќ
3/27/848;Cu;дЌ«”;-;гЏѕд –ж бжд «’Ё— »— ё«бн
3/27/849;Cu;дЌ«”;-;гЏѕд –ж бжд «’Ё— –е»н
3/27/850;Cu;дЌ«”;-;’ќж—  гЋб ќ«г «бдЌ«”
3/27/851;Minerals Crystals Samples;Џнд«  »бж—«  гЏѕдн… (ж’Ё);-;Џнд«  »бж—«  ббгЏ«ѕд
3/27/852;Na2HO4P;Ёж”Ё«  енѕ—жћнд «б’жѕнжг;-;г”Ќжё »бж—н «»н÷
3/27/853;C7H5O3.Na;”«бн”нб«  «б’жѕнжг;гбЌ;г”Ќжё »бж—н «»н÷
3/27/854;K2Sb2(C4H2O6)2;Ў—Ў—«  «б≈Ћгѕ ж«б»ж «”нжг (гён∆);-;г”Ќжё »бж—н «»н÷
3/27/856;NH4HSO3;»ня»—н н  «б√гжднжг;-;г”Ќжё »бж—н «»н÷
3/27/857;NH4SCN;Ћнж”н«д«  «б√гжднжг;Ћнж”н«д« ;г”Ќжё »бж—н ‘Ё«Ё н ”нб бѕм «б г«” гЏ «беж«Ѕ
3/27/858;C6H5Br;»—жгж «б»д“нд;-;”«∆б ‘Ё«Ё
3/27/859;CR2O3;√я”нѕ «бя—жг «бЋб«Ћн (√ќ÷— «бя—жг);√я”нѕ гЏѕдн (џн— Џ÷жн);г”Ќжё «ќ÷— »бж—н б« н–ж» Ён «бг«Ѕ
3/27/860;C14H10;√дЋ—«”нд;енѕ—жя—»жд ЏЎ—н г Џѕѕ«джм;г”Ќжё «»н÷ г’Ё— б« н–ж» Ён «бг«Ѕ
3/27/861;Barfoed Reagent;я«‘Ё »«—Ёжѕ;-;”«∆б «“—ё
3/27/862;C6H5SO2Cl;ябж—нѕ «б»д“нд ”бЁжднб;-;”«∆б “н н ‘Ё«Ё
3/27/863;Gelatin;ћнб« нд;-;г”Ќжё «»н÷ г’Ё—
3/27/864;Agar Powder;г”Ќжё «б√џ«—;-;г”Ќжё «»н÷ ж—ѕн
3/27/866;C8H8;” «н—нд;-;г”Ќжё «»н÷ б« н–ж» Ён «бг«Ѕ
3/27/867;Silcon Oil;“н  ”нбняжд;-;”«∆б “н н ‘Ё«Ё
3/27/868;CuSO4;я»—н «  «бдЌ«”;-;г”Ќжё «“—ё Ё« Ќ »бж—н
3/27/869;KNaC4H4O6Ј4H2O;Ў—Ў—«  «б»ж «”нжг ж«б’жѕнжг —»«Џн… «бенѕ—«  (гбЌ —ж‘нб);-;г”Ќжё »бж—н «»н÷
3/27/770;C18H36O2;Ќг÷ ѕедн (” н«—ня);Ќг÷ я—»жя”нбн √бнЁ« н;г”Ќжё «»н÷
3/27/105;HO-CH2-CH2-OH;≈нЋнбнд ћбняжб;г—я» Џ÷жн;”«∆б ‘Ё«Ё
3/27/106;C8H10;≈нЋнб »д“нд √ж “нбнд;енѕ—жя—»жд ЏЎ—н;”«∆б ‘Ё«Ё
3/27/107;C5H5N;»н—нѕнд;г—я» Џ÷жн;”«∆б ‘Ё«Ё бе —«∆Ќ… я—не…
3/27/110;C7H8; жбжнд;енѕ—жя—»жд ЏЎ—н;”«∆б ‘Ё«Ё –ж —«∆Ќ… ќ«’…
3/27/113;C3H5(OH)3;ћбн”—жб;-;”«∆б б“ћ бе ЎЏг Ќбж бн” бе —«∆Ќ… √ж бжд
3/27/101;C4H10O;»нж «джб √ж ≈нЋ— Ћд«∆н «б≈нЋнб;г—я» Џ÷жн - «нЋ—« ;”«∆б ‘Ё«Ё ”—нЏ «б«‘ Џ«б бе —«∆Ќ… ггн“…
3/27/103;C2H4O2;Ќг÷ «бќбня;Ќг÷ я—»жя”нбн √бнЁ« н;”«∆б ‘Ё«Ё бе —«∆Ќ… ж«ќ“… ёжн…  ‘»е —«∆Ќ… «бќб
3/27/418;C4H6O4Zn;√”н «  «б“дя;гбЌ џн— Џ÷жн;г”Ќжё «»н÷
3/27/481;NaOH.CaO;гќбжЎ «б’жѕ« ж«бћн— («б’жѕ« «бя«жн… ж«бћн—);-;«»н÷ г«∆б бб—г«ѕн
3/27/301;Al2(C2O4)3;√я”«б«  «б√бжгднжг;-;Ќ»н»«  »н÷«Ѕ гЁ÷÷…
3/27/328;(NH4)2S;я»—н нѕ «б√гжднжг;гбЌ џн— Џ÷жн;г”Ќжё »бж—н √»н÷
3/27/320;(NH4)≠2S2O8;»н—я»—н «  «б√гжднжг;гбЌ џн— Џ÷жн;г”Ќжё «»н÷  »бж—н
3/27/321;(NH4)2SO4;я»—н «  «б√гжднжг;гбЌ џн— Џ÷жн;г”Ќжё «»н÷  »бж—н
3/27/747;(NO2)2C6H3.NHNH2;Ћд«∆н дн —ж Ёнднб енѕ—«“нд;-;г”Ќжё «»н÷ г’Ё—
3/27/515;Ag2SO4;я»—н «  «бЁ÷…;гбЌ џн— Џ÷жн;г”Ќжё »бж—н ‘Ё«Ё
3/27/516;AgNO3;д —«  «бЁ÷…;гбЌ џн— Џ÷жн;г”Ќжё »бж—н «»н÷
3/27/303;Al;√бжгднжг;гЏѕд;Ќ»н»«  ’б»… Ё÷н… «ббжд
3/27/307;Al;√бжгднжг;гЏѕд;г”Ќжё Ё÷н
3/27/326;NH4SCN;Ћнж”н«д«  «б√гжднжг;Ћнж”н«д« ;»бж—«  ‘Ё«Ё…   ”нб бѕм «б г«” гЏ «беж«Ѕ.
3/27/322;(NH4)2CO3;я—»жд«  «б√гжднжг;гбЌ џн— Џ÷жн;г”Ќжё »бж—н √»н÷
3/27/305;Al2(SO4)3;я»—н «  «б√бжгднжг («б‘»);-;г”Ќжё «»н÷
3/27/302;Al2O3;√я”нѕ «б√бжгднжг (√бжгнд«);√я”нѕ гЏѕдн;г”Ќжё «»н÷
3/27/306;AlCl3;ябж—нѕ «б√бжгднжг;гбЌ џн— Џ÷жн;»бж—«  »н÷«Ѕ «ж ’Ё—«Ѕ
3/27/342;Ba(OH)2;енѕ—жя”нѕ «б»«—нжг;ё«Џѕ… џн— Џ÷жн…;г”Ќжё »бж—н «»н÷
3/27/339;Ba(CO)3;я—»жд«  «б»«—нжг (ќЎ√ ≈гб«∆н: BaCO3);-;г”Ќжё «»н÷
3/27/336;BaBr2;»—жгнѕ «б»«—нжг;гбЌ џн— Џ÷жн;г”Ќжё «»н÷  »бж—н
3/27/340;BaCl2;ябж—нѕ «б»«—нжг;гбЌ џн— Џ÷жн;г”Ќжё »бж—н «»н÷
3/27/341;BaNO3;д —«  «б»«—нжг (Ba(NO3)2);гбЌ џн— Џ÷жн;г”Ќжё «»н÷
3/27/338;BaSO4;я»—н «  «б»«—нжг (»«—н );-;г”Ќжё «»н÷
3/27/350;Bi(NO3)3;д —«  «б»“гжЋ;-;»бж—«  Џѕнг… «ббжд
3/27/204;Br2;»—жг;-;”«∆б Ћёнб »дм-гЌг— —«∆Ќ е я—не
3/27/800;C12H22O11;”я—ж“;-;г”Ќжё «»н÷ н–ж» Ён «бг«Ѕ
3/27/112;C6H10O3;Ќг÷ «бб«я ня (√ж »—жгженѕ—нд);≈” —я—»жя”нбн √бнЁ« н;”«∆б ‘Ё«Ё
3/27/117;C2H5OH;≈нЋ«джб (яЌжб);џжб √бнЁ« н;”«∆б ‘Ё«Ё ё«»б бб«‘ Џ«б
3/27/120;C4H9OH;»нж «джб;-;”«∆б ‘Ё«Ё
3/27/121;(CH3)3COH; н— -»нж «джб;-;”«∆б ‘Ё«Ё
3/27/108;C5H12;»д «д;енѕ—ж я—»жд «бнЁ« н;”«∆б ‘Ё«Ё бе —«∆Ќ…  ‘»е «бя«“
3/27/126;C6H12;ея”нд √ж Ќбён «бея”«д;»—«Ёнд Ќбён;”«∆б ‘Ё«Ё бе —«∆Ќ… ггн“…
3/27/797;C6H12O6;ћбжяж“ √ж Ё—я ж“;-;г”Ќжё «»н÷
3/27/125;C6H14;ея”«д;енѕ—жя—»жд √бнЁ« н;”«∆б ‘Ё«Ё
3/27/206;C7H6O;»д“√бѕенѕ;-;”«∆б ‘Ё«Ё —«∆Ќ … ггн“…  ‘»е —«∆Ќ… «ббж“
3/27/104;C6H5NH2;√днбнд;г—я» Џ÷жн - «гнд ЏЎ—н;”«∆б ‘Ё«Ё —«∆Ќ е  ‘»е —«∆Ќ… «б”гя «бЁ«”ѕ
3/27/228;C7H5N;»д“ждн —нб;д —нб ЏЎ—н;”«∆б ‘Ё«Ё
3/27/763;C6H5COOH;Ќг÷ «б»д“жня;-;г”Ќжё «»н÷  »бж—н
3/27/753;C6H5OH;Ёнджб;енѕ—жя”нб ЏЎ—н;г”Ќжё »бж—н «»н÷
3/27/109;C6H6;»д“нд;г—я» Џ÷жн;”«∆б ‘Ё«Ё
3/27/563;Ca;я«б”нжг;гЏѕд;г«ѕ… ’б»… Ё÷н… «бм —г«ѕн… «ббжд
3/27/565;Ca(OH)2;енѕ—жя”нѕ «бя«б”нжг («бћн— «бгЎЁ√);ё«Џѕ… џн— Џ÷жн…;г”Ќжё «»н÷ д«Џг
3/27/556;Ca(PO4)2;Ёж”Ё«  «бя«б”нжг (Ca3(PO4)2);-;г”Ќжё «»н÷
3/27/560;CaC2;я—»нѕ «бя«б”нжг;-;г”Ќжё —г«ѕн
3/27/561;CaCl2 .(H2O)2;ябж—нѕ «бя«б”нжг Ћд«∆н… «бенѕ—« ;гбЌ гЏѕдн (џн— Џ÷жн);г”Ќжё »бж—н «»н÷
3/27/118;C4H9OH;»нж «джб;-;”«∆б ‘Ё«Ё ”еб «б Ў«н— ё«»б бб«‘ Џ«б бе —«∆Ќ… ггн“… џн— гдЁ—…
3/27/119;C3H8O;»—ж»«джб √ж √н“ж»—ж»«джб;-;”«∆б ‘Ё«Ё
3/27/122;C4H9OH;»нж «джб;-;”«∆б ‘Ё«Ё
3/27/124;CHCl3;ябж—жЁж—г;-;”«∆б ‘Ё«Ё џн— ё«»б бб«‘ Џ«б ”еб «б Ў«н— бе —«∆Ќ… ггн“…
3/27/127;"  	C12H16N2O4S";”няб«г«  (г«ѕ…  Ќбн…);-;г”Ќжё «»н÷  »бж—н
3/27/128;C6H7N.HCl;ябж—нѕ «б√днбнд (енѕ—жябж—нѕ «б√днбнд);-;г”Ќжё «»н÷  »бж—н
3/27/129;C6H4(OH)2;енѕ—жянджд √ж я« няжб;-;г«ѕ… ’б»… »н÷«Ѕ
3/27/201;C2H4O;√”н «бѕенѕ √ж √я”нѕ «б≈нЋнбнд;√б1- ѕенѕ √бнЁ« н;”«∆б ‘Ё«Ё ”еб «б Ў«н—
3/27/202;Carmine Aceto;я«—гнд √”н ж (’»џ…);-;”«∆б »дн гЌг—
3/27/203;Paraffine ( Oil );“н  «б»«—«Ёнд;-;”«∆б ‘Ё«Ё ж «б—«∆Ќ…
3/27/207;C9H6N2O2;янджбнд (√ж я«—»ж” —нб);-;”«∆б ‘Ё«Ё ж ёѕ нгнб «бм «б’Ё—…
3/27/208;C8H11N;ЁнднЋнб √гнд;-;”«∆б “н н Џѕнг «ббжд Џдѕг« няжд дён«р  жёѕ н’Ё—
3/27/209;C25H30ClN3;√“—ё «бгнЋнбнд;-;г”Ќжё »дЁ”ћн
3/27/210;H3PO4;Ќг÷ «бЁж”Ёж—ня;-;»бж—«  »н÷«Ѕ Џдѕ «ёб гд 42 г∆жн
3/27/211;C18H34O2;Ќг÷ «б√жбння;-;”«∆б ‘Ё«Ё ж ёѕ н’Ё—
3/27/212;C6H3N3O7;Ќг÷ «б»ня—ня (Ћб«Ћн дн —ж Ёнджб);-;г«ѕ… »бж—н… ’б»… бжде« √’Ё—
3/27/214;CH2O2;Ќг÷ «бЁж—гня;-;”«∆б ‘Ё«Ё –ж —«∆Ќ… ггн“… ё«»б бб«г “«ћ гЏ «бг«Ѕ
3/27/216;C3H6O3;Ќг÷ «бб«я ня;-;”«∆б ‘Ё«Ё
3/27/219;C8H8O2;Ќг÷ «бЁнднб √”н ня √ж ≈” — «бгнЋнб;-;”«∆б ‘Ё«Ё ”—нЏ «б »ќ—
3/27/220;Dow corning 200;“н  ”нбняжд (ѕ«ж яж—дндћ 200);-;”«∆б ‘Ё«Ё
3/27/221;Cotton Seed Oil;“н  »–—… «бёЎд;-;”«∆б “н н «’Ё—
3/27/222;Cocos nucifera oli;“н  ћж“ «бедѕ;-;”«∆б “н н «’Ё—
3/27/223;Castor Oil;“н  «бќ—жЏ;-;”«∆б ‘Ё«Ё г’Ё—
3/27/224;Olive Oil;“н  «б“н жд;-;”«∆б –е»н
3/27/226;Peppermint Oil;“н  «бдЏд«Џ;-;”«∆б ‘Ё«Ё
3/27/227;C8H8;” «н—нд;-;”«∆б ‘Ё«Ё
3/27/229;Pancreatin;»«дя—н« нд (≈д“нг);-;г”Ќжё «»н÷
3/27/230;C6H8N2;»д“нѕнд (√ж Ёнднбнд ѕн«гнд);-;”«∆б ‘Ё«Ё √ж г’Ё—
3/27/233;H8N2S;я»—н нѕ «бенѕ—«“нд (√ж я»—н нѕ «б√гжднжг);-;г”Ќжё «’Ё—
3/27/234;C6H5Cl;ябж—ж «б»д“нд;-;”«∆б ‘Ё«Ё
3/27/235;C6H8Cl2O2;ябж—«бж“ (√ж Ћд«∆н ябж—ж Ёнджя”н √”н ня);-;”«∆б ‘Ё«Ё
3/27/236;C2H3OCl;ябж—нѕ «б√”н нб;Ќг÷ е«бнѕн я—»жя”нбн«бнЁ« н;”«∆б ‘Ё«Ё –ж —«∆Ќ… жќ«“…
3/27/237;C10H16Cl2O2;ябж—нѕ «бябж—«б (г»нѕ Ќ‘—н);-;”«∆б √’Ё— Ё« Ќ —«∆Ќ е дЁ«–…
3/27/239;C9H13NO3;√ѕ—нд«бнд (≈н»нднЁ—нд);-;”«∆б ‘Ё«Ё
3/27/240;C10H9NO2;дЁ «бнд √гнд (√ж янджбнд);-;г”Ќжё «»н÷
3/27/241;Bendict( Solution );гЌбжб »дѕня ;-;”«∆б «“—ё џ«гё
3/27/242;C10H14N2;дняж нд;-;”«∆б ‘Ё«Ё “н н «бёж«г –ж —«∆Ќ… ёжн…
3/27/243;CH5N;гнЋнб √гнд;√гнд ЏЎ—н;”«∆б ‘Ё«Ё
3/27/304;Al;√бжгднжг;-;бЁ… —ёнё… Ё÷н… «ббжд
3/27/308;Al(NO3)3;д —«  «б√бжгднжг;гбЌ џн— Џ÷жн;г”Ќжё »бж—н «»н÷
3/27/309;Al;√бжгднжг;гЏѕд;г«ѕ… ’б»… Ё÷н… «ббжд
3/27/314;C21H15AlO6; —н»д“ж«  «б√бжгднжг (√ж √”н нб √”н жд« );-;г”Ќжё »бж—н «»н÷
3/27/315;C2H8N2O4;√я”«б«  «б√гжднжг (√ж д —н  «б≈нЋ«джб √гнд);Ќг÷ Џ÷жн;г”Ќжё «»н÷
3/27/317;(NH4)2C4H4O6;Ў—Ў—«  «б√гжднжг;-;г”Ќжё »бж—н √»н÷
3/27/319;NH4Al(SO4)2Ј12H2O;‘» «б√гжднжг (я»—н «  «б√бжгднжг ж«б√гжднжг);-;г”Ќжё »бж—н «»н÷
3/27/324;(NH4)6Mo7O24;ен» « гжбн»ѕ«  «б√гжднжг;гбЌ џн— Џ÷жн;»бж—«  н —«жЌ бжде« гд «б√»н÷ ≈бм «б√ќ÷— «бг’Ё—
3/27/327;(NH4)2SO3;я»—н н  «б√гжднжг;гбЌ џн— Џ÷жн;г”Ќжё «»н÷  »бж—н
3/27/329;C36H70BaO4;” н«—«  «б»«—нжг;-;г”Ќжё «»н÷
3/27/337;BaO2;Ёжё √я”нѕ «б»«—нжг;√я”нѕ гЏѕд;г”Ќжё «»н÷-—г«ѕн
3/27/348;BiCl3;ябж—нѕ «б»“гжЋ;гбЌ џн— Џ÷жн;г”Ќжё «»н÷  »бж—н
3/27/349;Bi;»“гжЋ;-;’б» ж—ѕн Ё« Ќ
3/27/359;C4H5KO6;Ў—Ў—«  «б»ж «”нжг «бЌ«г÷н… (я—нг «б «— «—);-;г”Ќжё «»н÷
3/27/362;K4[Fe(CN)6)];Ён—ж”н«днѕ «б»ж «”нжг (”ѕ«”н ”н«дж Ён—«  II);-;»бж—«  ’Ё—«Ѕ Ё« Ќ…
3/27/363;K3[Fe(CN)6)];Ён—н”н«днѕ «б»ж «”нжг (”ѕ«”н ”н«дж Ён—«  III);-;»бж—«  Ќг—«Ѕ
3/27/365;CKNO;”н«д«  «б»ж «”нжг (KCNO);-;г”Ќжё «»н÷  »бж—н
3/27/368;KF;Ёбж—нѕ «б»ж «”нжг;гбЌ џн— Џ÷жн;г”Ќжё »бж—н «»н÷
3/27/369;K3O4P;Ёж”Ё«  «б»ж «”нжг (K3PO4);-;г”Ќжё «»н÷
3/27/370;K2S2O8;»н—я»—н «  «б»ж «”нжг;гбЌ џн— Џ÷жн;г”Ќжё «»н÷
3/27/372;K2CO3;я—»жд«  «б»ж «”нжг («б»ж «”);гбЌ џн— Џ÷жн;г”Ќжё «»н÷
3/27/379;KNO2;д —н  «б»ж «”нжг;гбЌ џн— Џ÷жн;г”Ќжё »бж—н «»н÷ г’Ё—
3/27/381;KOH;енѕ—жя”нѕ «б»ж «”нжг («б»ж «”« «бя«жн…);ё«Џѕ… џн— Џ÷жн…;г”Ќжё «»н÷
3/27/388;C;я—»жд;-;—г«ѕн г”жѕ
3/27/394;C5H4N4O3;Ќг÷ «б»жбня;-;г”Ќжё »бж—н «»н÷
3/27/415;Zn;“дя;-;”бя —г«ѕн Ё÷н
3/27/443;Sand purified;—гб гдём (ж’Ё);-;—гб д«Џг дён
3/27/453;HgO;√я”нѕ «б“∆»ё;гбЌ √я”нѕ Ёб“н (џн— Џ÷жн);г”Ќжё «’Ё—
3/27/462;SrCl2;ябж—нѕ «б” —жд нжг;-;г”Ќжё «»н÷
3/27/469;Na2C4H4O6;Ў—Ў—«  «б’жѕнжг;-;г”Ќжё «»н÷
3/27/470;C7H5NaO3;”«бн”нб«  «б’жѕнжг;-;г”Ќжё »бж—н «»н÷
3/27/473;Na3Co(NO2)6;”ѕ«”н д —н ж «бяж»«б «  «б’жѕнжг (√’Ё— «бяж»«б );-;г”Ќжё «’Ё— »— ё«бн
3/27/475;C10H14N2Na2O8;Ћд«∆н ’жѕнжг ≈нѕн «  (EDTA);-;г”Ќжё »бж—н «»н÷
3/27/484;C18H35O2Na;” н«—«  «б’жѕнжг (’«»жд);гбЌ;г”Ќжё »бж—н ‘Ё«Ё ж«б—«∆Ќ…
3/27/485;NaCN;”н«днѕ «б’жѕнжг;-;г”Ќжё «»н÷
3/27/486;Na2SiO3;”нбня«  «б’жѕнжг (“ћ«ћ «бг«Ѕ);-;г”Ќжё »бж—н «»н÷ гќ÷—
3/27/488;NaH2PO4;Ёж”Ё«  Ћд«∆н енѕ—жћнд «б’жѕнжг;-;г”Ќжё «»н÷
3/27/489;Na2HPO4;Ёж”Ё«  енѕ—жћнд «б’жѕнжг;-;г”Ќжё «»н÷
3/27/491;NaO2;Ёжё √я”нѕ «б’жѕнжг;Ёжё √я”нѕ гЏѕдн;г”Ќжё «’Ё— Ё« Ќ
3/27/493;Na2SO4.10H2O;я»—н «  «б’жѕнжг «бЏ‘—н… «бенѕ—«  (гбЌ ћбж»—);-;г”Ќжё «»н÷
3/27/502;Na2[Fe(CN)5NO];дн —ж»—ж”нѕ «б’жѕнжг (Ён—ж”н«днѕ «бдн —ж“нб);гбЌ џн— Џ÷жн;г”Ќжё »бж—н «Ќг— «ббжд
3/27/507;Bone char;ЁЌг «бЏў«г;-;г”Ќжё «”жѕ
3/27/508;Charcoal† Blocks;ёж«б» ЁЌг;-;ЁЌг Џбм ‘яб г ж«“н г” Ўнб« 
3/27/509;Charcoal;ЁЌг д»« н;-;г«ѕ… ’б»… ”жѕ«Ѕ
3/27/514;Ag;Ё÷…;-;г«ѕ… ’б»… Ё÷н… «ббжд
3/27/530;Fuller 's Earth;«б —«» «бгх»ъну÷ (Ўнд ќ«’);-;г”Ќжё »дн
3/27/536;Sn(C2O4)2;√я”«б«  «бё’ѕн—;-;г”Ќжё «»н÷
3/27/537;SnCl2;ябж—нѕ «бё’ѕн— «бЋд«∆н;-;г”Ќжё «»н÷
3/27/579;CrCl2;ябж—нѕ «бя—жг «бЋд«∆н;-;г”Ќжё «ќ÷— √ж «»н÷  «ббжд
3/27/581;Co(SCN)2;Ћнж”н«д«  «бяж»«б  «бЋд«∆н;-;г”Ќжё »дн гЌг—
3/27/587;Co;яж»«б ;-;г«ѕ… ’б»… —г«ѕн…
3/27/588;Co(NO3)2;д —«  «бяж»«б  «бЋд«∆н;-;г”Ќжё »бж—н «Ќг—
3/27/594;LiCl;ябж—нѕ «ббнЋнжг;-;г”Ќжё »бж—н «»н÷
3/27/595;Li;бнЋнжг;-;гЏѕд ’б» «»н÷ Ё÷н
3/27/625;CuSO4;я»—н «  «бдЌ«”;гбЌ џн— Џ÷жн;г”Ќжё «»н÷
3/27/626;CuSO4.5H2O;я»—н «  «бдЌ«” «бќг«”н… «бенѕ—«  (“«ћ √“—ё);-;г”Ќжё «“—ё Ё« Ќ
3/27/629;CuCl2;ябж—нѕ «бдЌ«” «бЋд«∆н;гбЌ џн— Џ÷жн;г”Ќжё »бж—н «“—ё гќ÷—
3/27/638;Ni(NO3)2;д —«  «бдняб «бЋд«∆н;гбЌ џн— Џ÷жн;г”Ќжё »бж—н «ќ÷—
3/27/650;Agar Powder;г”Ќжё «б√џ«—;-;г”Ќжё «»н÷ ж—ѕн
3/27/651;Pectin;»я нд;-;г”Ќжё «»н÷ ж—ѕн
3/27/657;NH2(C6H5)2;Ћд«∆н Ёнднб √гнд;√гнд ЏЎ—н;г”Ќжё «»н÷
3/27/658;C3H5(OH)3;ћбн”—жб;-;”«∆б ‘Ё«Ё б“ћ бн” бе —«∆Ќ…
3/27/659;NH2(CH2)6NH2;еня”«гнЋнбнд Ћд«∆н √гнд;-;г”Ќжё «»н÷
3/27/001;FeCl2;ябж—нѕ «бЌѕнѕ «бЋд«∆н;гбЌ;г”Ќжё Џбм ‘яб »бж—«  ’Ё—«Ѕ
3/27/000;BaO;√я”нѕ «б»«—нжг (»«—нжг);гЏѕд;г”Ќжё »бж—н «»н÷
